date,open,high,low,close,volume,ticker
2023-12-04 10:00:00,1.08750000,1.30500000,1.08750000,1.30500000,9.60000000,AEURUSDT
2023-12-04 12:00:00,1.08750000,1.30500000,1.08420000,1.08620000,1916989.20000000,AEURUSDT
2023-12-04 13:00:00,1.08630000,1.08800000,1.08480000,1.08580000,482084.00000000,AEURUSDT
2023-12-04 14:00:00,1.08580000,1.08580000,1.08040000,1.08360000,852598.70000000,AEURUSDT
2023-12-04 15:00:00,1.08460000,1.08460000,1.08000000,1.08110000,148008.40000000,AEURUSDT
2023-12-04 16:00:00,1.08110000,1.08350000,1.08000000,1.08220000,102643.60000000,AEURUSDT
2023-12-04 17:00:00,1.08190000,1.08270000,1.08130000,1.08200000,36107.00000000,AEURUSDT
2023-12-04 18:00:00,1.08200000,1.08240000,1.08100000,1.08190000,36032.50000000,AEURUSDT
2023-12-04 19:00:00,1.08200000,1.08220000,1.07990000,1.08160000,163806.10000000,AEURUSDT
2023-12-04 20:00:00,1.08170000,1.08220000,1.08080000,1.08220000,42831.60000000,AEURUSDT
2023-12-04 21:00:00,1.08220000,1.08220000,1.08190000,1.08200000,30366.30000000,AEURUSDT
2023-12-04 22:00:00,1.08210000,1.08420000,1.08190000,1.08390000,41822.80000000,AEURUSDT
2023-12-04 23:00:00,1.08290000,1.08420000,1.08290000,1.08330000,27613.90000000,AEURUSDT
2023-12-05 00:00:00,1.08330000,1.08480000,1.08320000,1.08400000,22690.90000000,AEURUSDT
2023-12-05 01:00:00,1.08390000,1.08450000,1.08300000,1.08330000,40698.20000000,AEURUSDT
2023-12-05 02:00:00,1.08310000,1.08440000,1.08310000,1.08410000,39369.80000000,AEURUSDT
2023-12-05 03:00:00,1.08410000,1.08470000,1.08320000,1.08440000,23265.00000000,AEURUSDT
2023-12-05 04:00:00,1.08440000,1.08470000,1.08370000,1.08460000,26993.40000000,AEURUSDT
2023-12-05 05:00:00,1.08450000,1.08530000,1.08410000,1.08410000,18285.60000000,AEURUSDT
2023-12-05 06:00:00,1.08430000,1.08490000,1.08270000,1.08270000,34717.90000000,AEURUSDT
2023-12-05 07:00:00,1.08300000,1.08330000,1.08030000,1.08140000,112194.20000000,AEURUSDT
2023-12-05 08:00:00,1.08140000,1.08300000,1.08050000,1.08290000,23747.60000000,AEURUSDT
2023-12-05 09:00:00,1.08280000,1.08490000,1.08190000,1.08360000,182893.40000000,AEURUSDT
2023-12-05 10:00:00,1.08360000,1.08440000,1.08230000,1.08290000,362151.10000000,AEURUSDT
2023-12-05 11:00:00,1.08290000,1.08350000,1.08060000,1.08120000,306781.60000000,AEURUSDT
2023-12-05 12:00:00,1.08120000,1.08240000,1.08050000,1.08170000,262665.10000000,AEURUSDT
2023-12-05 13:00:00,1.08140000,1.08370000,1.08060000,1.08230000,455465.60000000,AEURUSDT
2023-12-05 14:00:00,1.08240000,1.08300000,1.08040000,1.08090000,278025.80000000,AEURUSDT
2023-12-05 15:00:00,1.08090000,1.08480000,1.08010000,1.08080000,444707.60000000,AEURUSDT
2023-12-05 16:00:00,1.08080000,1.08510000,1.07590000,1.07700000,529965.90000000,AEURUSDT
2023-12-05 17:00:00,1.07700000,2.31630000,1.07690000,2.31630000,1625242.00000000,AEURUSDT
2023-12-05 18:00:00,2.31900000,3.25000000,1.06600000,2.88920000,9506297.00000000,AEURUSDT
2023-12-08 14:00:00,1.07740000,3.50000000,1.07390000,1.07510000,23606986.80000000,AEURUSDT
2023-12-08 15:00:00,1.07510000,1.08030000,1.07500000,1.07920000,2715534.70000000,AEURUSDT
2023-12-08 16:00:00,1.07920000,1.08860000,1.07600000,1.07720000,2096904.50000000,AEURUSDT
2023-12-08 17:00:00,1.07720000,1.07810000,1.07600000,1.07760000,1105141.10000000,AEURUSDT
2023-12-08 18:00:00,1.07760000,1.07840000,1.07500000,1.07500000,644537.40000000,AEURUSDT
2023-12-08 19:00:00,1.07500000,1.07620000,1.07430000,1.07480000,474664.30000000,AEURUSDT
2023-12-08 20:00:00,1.07490000,1.07620000,1.07470000,1.07510000,427068.00000000,AEURUSDT
2023-12-08 21:00:00,1.07510000,1.07670000,1.07410000,1.07480000,570688.70000000,AEURUSDT
2023-12-08 22:00:00,1.07480000,1.07560000,1.07390000,1.07390000,345000.20000000,AEURUSDT
2023-12-08 23:00:00,1.07390000,1.07420000,1.07240000,1.07360000,341623.40000000,AEURUSDT
2023-12-09 00:00:00,1.07350000,1.07420000,1.07270000,1.07360000,360564.50000000,AEURUSDT
2023-12-09 01:00:00,1.07360000,1.07570000,1.07240000,1.07350000,359305.90000000,AEURUSDT
2023-12-09 02:00:00,1.07350000,1.07470000,1.07300000,1.07400000,249258.80000000,AEURUSDT
2023-12-09 03:00:00,1.07400000,1.07450000,1.07290000,1.07380000,328772.50000000,AEURUSDT
2023-12-09 04:00:00,1.07340000,1.07400000,1.07280000,1.07330000,233597.40000000,AEURUSDT
2023-12-09 05:00:00,1.07330000,1.07400000,1.07280000,1.07360000,253869.50000000,AEURUSDT
2023-12-09 06:00:00,1.07360000,1.07430000,1.07280000,1.07340000,260322.80000000,AEURUSDT
2023-12-09 07:00:00,1.07370000,1.07370000,1.07300000,1.07350000,497600.80000000,AEURUSDT
2023-12-09 08:00:00,1.07360000,1.07400000,1.07280000,1.07350000,422770.90000000,AEURUSDT
2023-12-09 09:00:00,1.07320000,1.07360000,1.07250000,1.07260000,405643.80000000,AEURUSDT
2023-12-09 10:00:00,1.07260000,1.07340000,1.07210000,1.07280000,251219.20000000,AEURUSDT
2023-12-09 11:00:00,1.07240000,1.07290000,1.07180000,1.07260000,285912.20000000,AEURUSDT
2023-12-09 12:00:00,1.07280000,1.07290000,1.07170000,1.07240000,472516.60000000,AEURUSDT
2023-12-09 13:00:00,1.07240000,1.07290000,1.07210000,1.07290000,273363.60000000,AEURUSDT
2023-12-09 14:00:00,1.07290000,1.07330000,1.07230000,1.07260000,330050.50000000,AEURUSDT
2023-12-09 15:00:00,1.07270000,1.07290000,1.07180000,1.07280000,414275.10000000,AEURUSDT
2023-12-09 16:00:00,1.07280000,1.07340000,1.07210000,1.07340000,356925.20000000,AEURUSDT
2023-12-09 17:00:00,1.07330000,1.07340000,1.07210000,1.07320000,254954.00000000,AEURUSDT
2023-12-09 18:00:00,1.07320000,1.07340000,1.07210000,1.07320000,151886.80000000,AEURUSDT
2023-12-09 19:00:00,1.07310000,1.07330000,1.07230000,1.07300000,132949.80000000,AEURUSDT
2023-12-09 20:00:00,1.07300000,1.07340000,1.07250000,1.07330000,122390.00000000,AEURUSDT
2023-12-09 21:00:00,1.07300000,1.07380000,1.07280000,1.07350000,159952.90000000,AEURUSDT
2023-12-09 22:00:00,1.07350000,1.07380000,1.07300000,1.07340000,142436.80000000,AEURUSDT
2023-12-09 23:00:00,1.07340000,1.07380000,1.07320000,1.07330000,100769.50000000,AEURUSDT
2023-12-10 00:00:00,1.07330000,1.07360000,1.07300000,1.07330000,155696.00000000,AEURUSDT
2023-12-10 01:00:00,1.07330000,1.07380000,1.07300000,1.07360000,157038.90000000,AEURUSDT
2023-12-10 02:00:00,1.07370000,1.07370000,1.07310000,1.07350000,136678.50000000,AEURUSDT
2023-12-10 03:00:00,1.07340000,1.07370000,1.07330000,1.07360000,128088.90000000,AEURUSDT
2023-12-10 04:00:00,1.07340000,1.07360000,1.07290000,1.07340000,184289.80000000,AEURUSDT
2023-12-10 05:00:00,1.07340000,1.07370000,1.07320000,1.07370000,134930.00000000,AEURUSDT
2023-12-10 06:00:00,1.07360000,1.07370000,1.07330000,1.07350000,137470.20000000,AEURUSDT
2023-12-10 07:00:00,1.07350000,1.07370000,1.07340000,1.07350000,175898.30000000,AEURUSDT
2023-12-10 08:00:00,1.07350000,1.07370000,1.07290000,1.07360000,244437.90000000,AEURUSDT
2023-12-10 09:00:00,1.07350000,1.07530000,1.07330000,1.07460000,409124.90000000,AEURUSDT
2023-12-10 10:00:00,1.07460000,1.07550000,1.07390000,1.07400000,285370.40000000,AEURUSDT
2023-12-10 11:00:00,1.07400000,1.07530000,1.07340000,1.07520000,409001.00000000,AEURUSDT
2023-12-10 12:00:00,1.07520000,1.07590000,1.07430000,1.07450000,156469.10000000,AEURUSDT
2023-12-10 13:00:00,1.07450000,1.07460000,1.07430000,1.07450000,134805.50000000,AEURUSDT
2023-12-10 14:00:00,1.07450000,1.07510000,1.07430000,1.07460000,89659.90000000,AEURUSDT
2023-12-10 15:00:00,1.07470000,1.07500000,1.07430000,1.07430000,78787.70000000,AEURUSDT
2023-12-10 16:00:00,1.07430000,1.07500000,1.07430000,1.07430000,96055.80000000,AEURUSDT
2023-12-10 17:00:00,1.07430000,1.07530000,1.07430000,1.07460000,83058.50000000,AEURUSDT
2023-12-10 18:00:00,1.07470000,1.07490000,1.07430000,1.07470000,67602.20000000,AEURUSDT
2023-12-10 19:00:00,1.07480000,1.07490000,1.07430000,1.07490000,59614.10000000,AEURUSDT
2023-12-10 20:00:00,1.07490000,1.07490000,1.07380000,1.07420000,126271.10000000,AEURUSDT
2023-12-10 21:00:00,1.07400000,1.07470000,1.07360000,1.07430000,95734.10000000,AEURUSDT
2023-12-10 22:00:00,1.07440000,1.07500000,1.07420000,1.07480000,70534.70000000,AEURUSDT
2023-12-10 23:00:00,1.07490000,1.07580000,1.07480000,1.07550000,95770.50000000,AEURUSDT
2023-12-11 00:00:00,1.07570000,1.07570000,1.07540000,1.07570000,45241.60000000,AEURUSDT
2023-12-11 01:00:00,1.07570000,1.07610000,1.07530000,1.07580000,149802.40000000,AEURUSDT
2023-12-11 02:00:00,1.07570000,1.07650000,1.06120000,1.07570000,1850760.80000000,AEURUSDT
2023-12-11 03:00:00,1.07570000,1.07590000,1.07490000,1.07500000,114001.00000000,AEURUSDT
2023-12-11 04:00:00,1.07500000,1.07500000,1.07460000,1.07490000,69460.80000000,AEURUSDT
2023-12-11 05:00:00,1.07470000,1.07580000,1.07470000,1.07570000,75608.70000000,AEURUSDT
2023-12-11 06:00:00,1.07580000,1.07690000,1.07560000,1.07650000,170549.90000000,AEURUSDT
2023-12-11 07:00:00,1.07650000,1.07650000,1.07460000,1.07480000,157297.10000000,AEURUSDT
2023-12-11 08:00:00,1.07480000,1.07590000,1.07400000,1.07570000,196230.20000000,AEURUSDT
2023-12-11 09:00:00,1.07570000,1.07590000,1.07470000,1.07540000,57167.50000000,AEURUSDT
2023-12-11 10:00:00,1.07530000,1.07680000,1.07530000,1.07610000,120893.10000000,AEURUSDT
2023-12-11 11:00:00,1.07620000,1.07640000,1.07520000,1.07550000,72399.70000000,AEURUSDT
2023-12-11 12:00:00,1.07550000,1.07610000,1.07430000,1.07460000,73196.10000000,AEURUSDT
2023-12-11 13:00:00,1.07460000,1.07540000,1.07430000,1.07540000,72795.10000000,AEURUSDT
2023-12-11 14:00:00,1.07530000,1.07550000,1.07340000,1.07440000,110716.40000000,AEURUSDT
2023-12-11 15:00:00,1.07440000,1.07540000,1.07320000,1.07320000,66850.10000000,AEURUSDT
2023-12-11 16:00:00,1.07320000,1.07470000,1.07300000,1.07380000,78589.00000000,AEURUSDT
2023-12-11 17:00:00,1.07380000,1.07440000,1.07330000,1.07340000,116081.40000000,AEURUSDT
2023-12-11 18:00:00,1.07340000,1.07650000,1.07340000,1.07650000,175721.40000000,AEURUSDT
2023-12-11 19:00:00,1.07640000,1.07700000,1.07450000,1.07620000,431875.20000000,AEURUSDT
2023-12-11 20:00:00,1.07620000,1.07650000,1.07430000,1.07590000,52155.50000000,AEURUSDT
2023-12-11 21:00:00,1.07600000,1.07670000,1.07480000,1.07530000,74339.30000000,AEURUSDT
2023-12-11 22:00:00,1.07520000,1.07650000,1.07430000,1.07490000,70688.00000000,AEURUSDT
2023-12-11 23:00:00,1.07500000,1.07540000,1.07460000,1.07460000,27993.40000000,AEURUSDT
2023-12-12 00:00:00,1.07460000,1.07650000,1.07450000,1.07570000,41657.70000000,AEURUSDT
2023-12-12 01:00:00,1.07580000,1.07680000,1.07530000,1.07550000,30443.10000000,AEURUSDT
2023-12-12 02:00:00,1.07550000,1.07570000,1.07460000,1.07560000,90590.10000000,AEURUSDT
2023-12-12 03:00:00,1.07550000,1.07640000,1.07510000,1.07640000,29911.10000000,AEURUSDT
2023-12-12 04:00:00,1.07630000,1.07670000,1.07550000,1.07560000,23752.70000000,AEURUSDT
2023-12-12 05:00:00,1.07560000,1.07660000,1.07500000,1.07610000,53734.30000000,AEURUSDT
2023-12-12 06:00:00,1.07620000,1.07690000,1.07600000,1.07680000,30389.80000000,AEURUSDT
2023-12-12 07:00:00,1.07680000,1.07800000,1.07550000,1.07600000,137779.00000000,AEURUSDT
2023-12-12 08:00:00,1.07600000,1.07750000,1.07560000,1.07720000,95680.90000000,AEURUSDT
2023-12-12 09:00:00,1.07720000,1.07900000,1.07600000,1.07790000,92052.30000000,AEURUSDT
2023-12-12 10:00:00,1.07800000,1.08000000,1.07750000,1.07880000,145354.30000000,AEURUSDT
2023-12-12 11:00:00,1.07890000,1.07900000,1.07760000,1.07840000,130436.80000000,AEURUSDT
2023-12-12 12:00:00,1.07840000,1.08030000,1.07840000,1.07860000,153636.60000000,AEURUSDT
2023-12-12 13:00:00,1.07880000,1.08160000,1.07590000,1.07590000,296783.60000000,AEURUSDT
2023-12-12 14:00:00,1.07640000,1.07910000,1.07580000,1.07630000,67517.00000000,AEURUSDT
2023-12-12 15:00:00,1.07630000,1.07840000,1.07560000,1.07720000,52721.60000000,AEURUSDT
2023-12-12 16:00:00,1.07720000,1.07880000,1.07720000,1.07790000,38909.40000000,AEURUSDT
2023-12-12 17:00:00,1.07800000,1.07970000,1.07770000,1.07820000,49545.10000000,AEURUSDT
2023-12-12 18:00:00,1.07820000,1.07950000,1.07790000,1.07860000,57310.10000000,AEURUSDT
2023-12-12 19:00:00,1.07850000,1.07900000,1.07820000,1.07820000,21645.60000000,AEURUSDT
2023-12-12 20:00:00,1.07820000,1.07950000,1.07820000,1.07890000,58676.90000000,AEURUSDT
2023-12-12 21:00:00,1.07890000,1.07970000,1.07870000,1.07910000,20750.70000000,AEURUSDT
2023-12-12 22:00:00,1.07910000,1.07960000,1.07870000,1.07900000,43206.80000000,AEURUSDT
2023-12-12 23:00:00,1.07870000,1.07960000,1.07870000,1.07950000,22151.20000000,AEURUSDT
2023-12-13 00:00:00,1.07950000,1.07950000,1.07820000,1.07860000,16586.10000000,AEURUSDT
2023-12-13 01:00:00,1.07860000,1.07910000,1.07830000,1.07840000,16241.90000000,AEURUSDT
2023-12-13 02:00:00,1.07870000,1.07870000,1.07760000,1.07820000,36082.60000000,AEURUSDT
2023-12-13 03:00:00,1.07790000,1.07820000,1.07740000,1.07740000,79403.00000000,AEURUSDT
2023-12-13 04:00:00,1.07740000,1.07820000,1.07740000,1.07750000,28477.70000000,AEURUSDT
2023-12-13 05:00:00,1.07750000,1.07850000,1.07750000,1.07840000,12352.50000000,AEURUSDT
2023-12-13 06:00:00,1.07810000,1.07850000,1.07720000,1.07720000,27240.50000000,AEURUSDT
2023-12-13 07:00:00,1.07720000,1.07820000,1.07710000,1.07800000,34055.50000000,AEURUSDT
2023-12-13 08:00:00,1.07810000,1.07890000,1.07760000,1.07780000,35026.70000000,AEURUSDT
2023-12-13 09:00:00,1.07780000,1.07800000,1.07690000,1.07690000,20725.60000000,AEURUSDT
2023-12-13 10:00:00,1.07700000,1.07800000,1.07590000,1.07690000,87872.70000000,AEURUSDT
2023-12-13 11:00:00,1.07690000,1.07800000,1.07630000,1.07720000,31058.50000000,AEURUSDT
2023-12-13 12:00:00,1.07720000,1.07810000,1.07720000,1.07760000,53277.00000000,AEURUSDT
2023-12-13 13:00:00,1.07760000,1.08010000,1.07750000,1.07960000,35769.90000000,AEURUSDT
2023-12-13 14:00:00,1.07980000,1.08060000,1.07780000,1.07850000,67135.30000000,AEURUSDT
2023-12-13 15:00:00,1.07870000,1.07910000,1.07760000,1.07870000,47206.50000000,AEURUSDT
2023-12-13 16:00:00,1.07900000,1.07930000,1.07800000,1.07830000,17687.30000000,AEURUSDT
2023-12-13 17:00:00,1.07840000,1.07860000,1.07790000,1.07790000,9561.80000000,AEURUSDT
2023-12-13 18:00:00,1.07790000,1.07820000,1.07710000,1.07780000,13122.70000000,AEURUSDT
2023-12-13 19:00:00,1.07760000,1.08720000,1.07760000,1.08710000,2056749.30000000,AEURUSDT
2023-12-13 20:00:00,1.08690000,1.08950000,1.08510000,1.08640000,1161577.40000000,AEURUSDT
2023-12-13 21:00:00,1.08640000,1.08760000,1.08540000,1.08540000,30810.60000000,AEURUSDT
2023-12-13 22:00:00,1.08540000,1.08620000,1.08440000,1.08540000,42937.10000000,AEURUSDT
2023-12-13 23:00:00,1.08540000,1.08670000,1.08460000,1.08560000,45223.30000000,AEURUSDT
2023-12-14 00:00:00,1.08560000,1.08720000,1.08520000,1.08680000,15325.40000000,AEURUSDT
2023-12-14 01:00:00,1.08660000,1.08700000,1.08610000,1.08680000,41355.10000000,AEURUSDT
2023-12-14 02:00:00,1.08660000,1.08830000,1.08640000,1.08820000,26983.20000000,AEURUSDT
2023-12-14 03:00:00,1.08820000,1.08950000,1.08710000,1.08810000,52999.20000000,AEURUSDT
2023-12-14 04:00:00,1.08810000,1.08940000,1.08660000,1.08780000,67957.60000000,AEURUSDT
2023-12-14 05:00:00,1.08790000,1.08900000,1.08620000,1.08700000,54720.80000000,AEURUSDT
2023-12-14 06:00:00,1.08650000,1.08950000,1.08590000,1.08820000,188392.70000000,AEURUSDT
2023-12-14 07:00:00,1.08820000,1.08940000,1.08640000,1.08640000,77255.50000000,AEURUSDT
2023-12-14 08:00:00,1.08650000,1.08980000,1.08640000,1.08940000,71588.20000000,AEURUSDT
2023-12-14 09:00:00,1.08940000,1.09050000,1.08890000,1.08920000,54612.40000000,AEURUSDT
2023-12-14 10:00:00,1.08940000,1.09030000,1.08850000,1.09010000,77216.50000000,AEURUSDT
2023-12-14 11:00:00,1.08970000,1.09200000,1.08960000,1.09140000,90184.30000000,AEURUSDT
2023-12-14 12:00:00,1.09150000,1.09300000,1.09080000,1.09080000,53419.00000000,AEURUSDT
2023-12-14 13:00:00,1.09070000,1.09440000,1.08520000,1.09350000,375146.90000000,AEURUSDT
2023-12-14 14:00:00,1.09350000,1.09830000,1.09210000,1.09800000,176492.00000000,AEURUSDT
2023-12-14 15:00:00,1.09800000,1.09890000,1.09550000,1.09880000,109456.90000000,AEURUSDT
2023-12-14 16:00:00,1.09880000,1.09950000,1.09720000,1.09810000,100384.40000000,AEURUSDT
2023-12-14 17:00:00,1.09790000,1.10200000,1.09760000,1.09930000,257333.60000000,AEURUSDT
2023-12-14 18:00:00,1.09940000,1.10000000,1.09660000,1.09660000,92383.00000000,AEURUSDT
2023-12-14 19:00:00,1.09660000,1.09890000,1.09660000,1.09840000,92867.60000000,AEURUSDT
2023-12-14 20:00:00,1.09840000,1.09950000,1.09720000,1.09780000,58717.00000000,AEURUSDT
2023-12-14 21:00:00,1.09780000,1.09870000,1.09700000,1.09800000,37321.40000000,AEURUSDT
2023-12-14 22:00:00,1.09800000,1.09930000,1.09750000,1.09850000,57717.30000000,AEURUSDT
2023-12-14 23:00:00,1.09900000,1.09930000,1.09720000,1.09880000,38470.40000000,AEURUSDT
2023-12-15 00:00:00,1.09880000,1.09880000,1.09610000,1.09660000,40288.40000000,AEURUSDT
2023-12-15 01:00:00,1.09670000,1.09830000,1.09660000,1.09710000,15217.80000000,AEURUSDT
2023-12-15 02:00:00,1.09760000,1.09940000,1.09710000,1.09810000,46655.90000000,AEURUSDT
2023-12-15 03:00:00,1.09860000,1.09920000,1.09810000,1.09920000,29844.90000000,AEURUSDT
2023-12-15 04:00:00,1.09860000,1.09950000,1.09860000,1.09890000,22553.00000000,AEURUSDT
2023-12-15 05:00:00,1.09880000,1.09910000,1.09710000,1.09770000,36958.20000000,AEURUSDT
2023-12-15 06:00:00,1.09700000,1.09770000,1.09680000,1.09700000,35956.50000000,AEURUSDT
2023-12-15 07:00:00,1.09700000,1.09800000,1.09670000,1.09730000,49440.40000000,AEURUSDT
2023-12-15 08:00:00,1.09730000,1.09830000,1.09320000,1.09390000,97830.70000000,AEURUSDT
2023-12-15 09:00:00,1.09380000,1.09530000,1.09320000,1.09430000,57491.80000000,AEURUSDT
2023-12-15 10:00:00,1.09430000,1.09640000,1.09400000,1.09480000,42019.00000000,AEURUSDT
2023-12-15 11:00:00,1.09470000,1.09660000,1.09400000,1.09630000,54997.20000000,AEURUSDT
2023-12-15 12:00:00,1.09570000,1.09630000,1.09250000,1.09350000,80310.20000000,AEURUSDT
2023-12-15 13:00:00,1.09350000,1.09370000,1.08950000,1.09030000,48716.40000000,AEURUSDT
2023-12-15 14:00:00,1.09030000,1.09160000,1.08980000,1.09080000,87822.30000000,AEURUSDT
2023-12-15 15:00:00,1.09070000,1.09150000,1.08910000,1.09090000,76788.00000000,AEURUSDT
2023-12-15 16:00:00,1.09080000,1.09110000,1.08880000,1.08930000,73485.30000000,AEURUSDT
2023-12-15 17:00:00,1.08940000,1.09100000,1.08930000,1.09020000,72882.20000000,AEURUSDT
2023-12-15 18:00:00,1.09020000,1.09020000,1.08740000,1.08800000,25064.20000000,AEURUSDT
2023-12-15 19:00:00,1.08820000,1.08850000,1.08760000,1.08840000,9713.70000000,AEURUSDT
2023-12-15 20:00:00,1.08830000,1.08940000,1.08830000,1.08840000,17681.50000000,AEURUSDT
2023-12-15 21:00:00,1.08830000,1.08900000,1.08720000,1.08760000,28731.90000000,AEURUSDT
2023-12-15 22:00:00,1.08750000,1.08910000,1.08750000,1.08910000,26108.00000000,AEURUSDT
2023-12-15 23:00:00,1.08870000,1.08930000,1.08790000,1.08840000,25171.70000000,AEURUSDT
2023-12-16 00:00:00,1.08840000,1.08940000,1.08690000,1.08790000,111941.70000000,AEURUSDT
2023-12-16 01:00:00,1.08790000,1.08830000,1.08690000,1.08800000,44465.40000000,AEURUSDT
2023-12-16 02:00:00,1.08800000,1.08820000,1.08670000,1.08750000,56913.20000000,AEURUSDT
2023-12-16 03:00:00,1.08750000,1.08830000,1.08710000,1.08740000,14724.90000000,AEURUSDT
2023-12-16 04:00:00,1.08710000,1.08740000,1.08680000,1.08730000,13679.50000000,AEURUSDT
2023-12-16 05:00:00,1.08690000,1.08800000,1.08650000,1.08800000,18271.30000000,AEURUSDT
2023-12-16 06:00:00,1.08800000,1.08900000,1.08760000,1.08780000,22952.10000000,AEURUSDT
2023-12-16 07:00:00,1.08780000,1.08920000,1.08700000,1.08820000,24865.70000000,AEURUSDT
2023-12-16 08:00:00,1.08820000,1.08870000,1.08540000,1.08780000,32016.70000000,AEURUSDT
2023-12-16 09:00:00,1.08750000,1.08860000,1.08730000,1.08730000,25375.30000000,AEURUSDT
2023-12-16 10:00:00,1.08730000,1.08870000,1.08730000,1.08830000,19775.80000000,AEURUSDT
2023-12-16 11:00:00,1.08830000,1.08890000,1.08820000,1.08860000,11613.70000000,AEURUSDT
2023-12-16 12:00:00,1.08880000,1.09010000,1.08840000,1.08900000,19420.00000000,AEURUSDT
2023-12-16 13:00:00,1.08880000,1.09080000,1.08630000,1.08990000,61263.50000000,AEURUSDT
2023-12-16 14:00:00,1.08950000,1.09140000,1.08890000,1.08950000,79748.50000000,AEURUSDT
2023-12-16 15:00:00,1.08950000,1.09160000,1.08920000,1.08990000,58634.90000000,AEURUSDT
2023-12-16 16:00:00,1.08980000,1.09160000,1.08910000,1.09120000,31149.80000000,AEURUSDT
2023-12-16 17:00:00,1.09120000,1.09120000,1.09010000,1.09070000,8337.90000000,AEURUSDT
2023-12-16 18:00:00,1.09110000,1.09110000,1.09010000,1.09010000,92484.30000000,AEURUSDT
2023-12-16 19:00:00,1.09010000,1.09150000,1.09010000,1.09030000,24574.50000000,AEURUSDT
2023-12-16 20:00:00,1.09030000,1.09210000,1.09030000,1.09120000,48283.50000000,AEURUSDT
2023-12-16 21:00:00,1.09190000,1.09400000,1.09010000,1.09090000,311083.00000000,AEURUSDT
2023-12-16 22:00:00,1.09080000,1.09190000,1.09020000,1.09060000,119563.50000000,AEURUSDT
2023-12-16 23:00:00,1.09040000,1.09170000,1.09020000,1.09020000,6451.80000000,AEURUSDT
2023-12-17 00:00:00,1.09020000,1.09080000,1.08900000,1.09080000,14666.50000000,AEURUSDT
2023-12-17 01:00:00,1.09080000,1.09080000,1.08880000,1.08930000,4953.70000000,AEURUSDT
2023-12-17 02:00:00,1.08930000,1.09030000,1.08850000,1.08880000,18097.30000000,AEURUSDT
2023-12-17 03:00:00,1.08960000,1.09000000,1.08830000,1.08880000,15492.90000000,AEURUSDT
2023-12-17 04:00:00,1.08880000,1.09060000,1.08860000,1.08880000,15721.30000000,AEURUSDT
2023-12-17 05:00:00,1.08860000,1.09060000,1.08830000,1.08830000,3529.10000000,AEURUSDT
2023-12-17 06:00:00,1.08830000,1.09000000,1.08830000,1.08850000,5367.40000000,AEURUSDT
2023-12-17 07:00:00,1.08850000,1.08890000,1.08800000,1.08820000,5315.80000000,AEURUSDT
2023-12-17 08:00:00,1.08830000,1.09290000,1.08770000,1.08790000,43630.20000000,AEURUSDT
2023-12-17 09:00:00,1.08800000,1.09270000,1.08790000,1.08890000,112875.40000000,AEURUSDT
2023-12-17 10:00:00,1.08870000,1.09280000,1.08840000,1.09010000,130426.10000000,AEURUSDT
2023-12-17 11:00:00,1.09020000,1.09250000,1.08800000,1.08950000,57229.70000000,AEURUSDT
2023-12-17 12:00:00,1.08950000,1.09270000,1.08870000,1.09090000,49195.40000000,AEURUSDT
2023-12-17 13:00:00,1.09090000,1.09260000,1.09010000,1.09170000,32159.10000000,AEURUSDT
2023-12-17 14:00:00,1.09170000,1.09320000,1.09170000,1.09220000,55432.00000000,AEURUSDT
2023-12-17 15:00:00,1.09220000,1.09590000,1.09180000,1.09350000,147509.30000000,AEURUSDT
2023-12-17 16:00:00,1.09350000,1.09460000,1.09090000,1.09130000,172322.80000000,AEURUSDT
2023-12-17 17:00:00,1.09130000,1.11000000,1.08340000,1.09500000,305840.70000000,AEURUSDT
2023-12-17 18:00:00,1.09460000,1.12840000,1.08680000,1.09880000,1146002.00000000,AEURUSDT
2023-12-17 19:00:00,1.09990000,1.10400000,1.09790000,1.09930000,108628.20000000,AEURUSDT
2023-12-17 20:00:00,1.09930000,1.10000000,1.09170000,1.09680000,166494.40000000,AEURUSDT
2023-12-17 21:00:00,1.09680000,1.10470000,1.08950000,1.09650000,255160.50000000,AEURUSDT
2023-12-17 22:00:00,1.09810000,1.10470000,1.08920000,1.08920000,288170.80000000,AEURUSDT
2023-12-17 23:00:00,1.08990000,1.09100000,1.08850000,1.09010000,57835.80000000,AEURUSDT
2023-12-18 00:00:00,1.09010000,1.09010000,1.08870000,1.08940000,13379.90000000,AEURUSDT
2023-12-18 01:00:00,1.08930000,1.09160000,1.08800000,1.08900000,48963.30000000,AEURUSDT
2023-12-18 02:00:00,1.08960000,1.09130000,1.08910000,1.08960000,24075.90000000,AEURUSDT
2023-12-18 03:00:00,1.09090000,1.09170000,1.08960000,1.09100000,34545.20000000,AEURUSDT
2023-12-18 04:00:00,1.09100000,1.09170000,1.09010000,1.09030000,45127.40000000,AEURUSDT
2023-12-18 05:00:00,1.09090000,1.09160000,1.09030000,1.09070000,37496.00000000,AEURUSDT
2023-12-18 06:00:00,1.09070000,1.09290000,1.09050000,1.09250000,46148.70000000,AEURUSDT
2023-12-18 07:00:00,1.09160000,1.09430000,1.09160000,1.09320000,57057.10000000,AEURUSDT
2023-12-18 08:00:00,1.09340000,1.09340000,1.09150000,1.09170000,53101.30000000,AEURUSDT
2023-12-18 09:00:00,1.09170000,1.09370000,1.09160000,1.09160000,35090.80000000,AEURUSDT
2023-12-18 10:00:00,1.09160000,1.09260000,1.09090000,1.09110000,22986.50000000,AEURUSDT
2023-12-18 11:00:00,1.09180000,1.09180000,1.09050000,1.09100000,32447.00000000,AEURUSDT
2023-12-18 12:00:00,1.09100000,1.09190000,1.09040000,1.09120000,15918.00000000,AEURUSDT
2023-12-18 13:00:00,1.09120000,1.09280000,1.09110000,1.09230000,29774.40000000,AEURUSDT
2023-12-18 14:00:00,1.09230000,1.09290000,1.09230000,1.09280000,21188.20000000,AEURUSDT
2023-12-18 15:00:00,1.09270000,1.09290000,1.09050000,1.09070000,27127.70000000,AEURUSDT
2023-12-18 16:00:00,1.09070000,1.09260000,1.09060000,1.09140000,12219.90000000,AEURUSDT
2023-12-18 17:00:00,1.09140000,1.09250000,1.09110000,1.09200000,19671.80000000,AEURUSDT
2023-12-18 18:00:00,1.09170000,1.09240000,1.09120000,1.09120000,14283.30000000,AEURUSDT
2023-12-18 19:00:00,1.09120000,1.09190000,1.09030000,1.09130000,5465.20000000,AEURUSDT
2023-12-18 20:00:00,1.09070000,1.09130000,1.09040000,1.09060000,15434.80000000,AEURUSDT
2023-12-18 21:00:00,1.09060000,1.09200000,1.09060000,1.09200000,18893.50000000,AEURUSDT
2023-12-18 22:00:00,1.09150000,1.09240000,1.09110000,1.09240000,12404.60000000,AEURUSDT
2023-12-18 23:00:00,1.09240000,1.09250000,1.09110000,1.09160000,19230.70000000,AEURUSDT
2023-12-19 00:00:00,1.09230000,1.09300000,1.09150000,1.09230000,13825.30000000,AEURUSDT
2023-12-19 01:00:00,1.09230000,1.09310000,1.09220000,1.09220000,12638.70000000,AEURUSDT
2023-12-19 02:00:00,1.09260000,1.09300000,1.09150000,1.09230000,5943.60000000,AEURUSDT
2023-12-19 03:00:00,1.09230000,1.09420000,1.09210000,1.09320000,121401.30000000,AEURUSDT
2023-12-19 04:00:00,1.09320000,1.09400000,1.09180000,1.09250000,84434.20000000,AEURUSDT
2023-12-19 05:00:00,1.09260000,1.09420000,1.09260000,1.09320000,24958.90000000,AEURUSDT
2023-12-19 06:00:00,1.09410000,1.09420000,1.09290000,1.09410000,27366.40000000,AEURUSDT
2023-12-19 07:00:00,1.09380000,1.09540000,1.09310000,1.09390000,61107.10000000,AEURUSDT
2023-12-19 08:00:00,1.09390000,1.09510000,1.09320000,1.09410000,18787.10000000,AEURUSDT
2023-12-19 09:00:00,1.09520000,1.09590000,1.09360000,1.09410000,38759.50000000,AEURUSDT
2023-12-19 10:00:00,1.09410000,1.09550000,1.09330000,1.09350000,43429.10000000,AEURUSDT
2023-12-19 11:00:00,1.09350000,1.09470000,1.09290000,1.09350000,77092.00000000,AEURUSDT
2023-12-19 12:00:00,1.09350000,1.09780000,1.09340000,1.09690000,93902.80000000,AEURUSDT
2023-12-19 13:00:00,1.09730000,1.09730000,1.09510000,1.09530000,43794.40000000,AEURUSDT
2023-12-19 14:00:00,1.09530000,1.09910000,1.09500000,1.09840000,47133.40000000,AEURUSDT
2023-12-19 15:00:00,1.09840000,1.09900000,1.09640000,1.09770000,72445.10000000,AEURUSDT
2023-12-19 16:00:00,1.09770000,1.09880000,1.09730000,1.09800000,19428.00000000,AEURUSDT
2023-12-19 17:00:00,1.09800000,1.09810000,1.09680000,1.09720000,27254.70000000,AEURUSDT
2023-12-19 18:00:00,1.09710000,1.09790000,1.09660000,1.09750000,41996.70000000,AEURUSDT
2023-12-19 19:00:00,1.09750000,1.09800000,1.09720000,1.09760000,27578.70000000,AEURUSDT
2023-12-19 20:00:00,1.09720000,1.09770000,1.09710000,1.09770000,12741.20000000,AEURUSDT
2023-12-19 21:00:00,1.09710000,1.09790000,1.09690000,1.09770000,16864.90000000,AEURUSDT
2023-12-19 22:00:00,1.09770000,1.09770000,1.09710000,1.09730000,12075.60000000,AEURUSDT
2023-12-19 23:00:00,1.09730000,1.09780000,1.09700000,1.09740000,27694.70000000,AEURUSDT
2023-12-20 00:00:00,1.09740000,1.09790000,1.09670000,1.09670000,21362.10000000,AEURUSDT
2023-12-20 01:00:00,1.09670000,1.09710000,1.09590000,1.09610000,23858.20000000,AEURUSDT
2023-12-20 02:00:00,1.09610000,1.09710000,1.09600000,1.09710000,10111.30000000,AEURUSDT
2023-12-20 03:00:00,1.09710000,1.09710000,1.09600000,1.09660000,14244.10000000,AEURUSDT
2023-12-20 04:00:00,1.09660000,1.09680000,1.09600000,1.09680000,22714.60000000,AEURUSDT
2023-12-20 05:00:00,1.09670000,1.09680000,1.09570000,1.09680000,4175.90000000,AEURUSDT
2023-12-20 06:00:00,1.09590000,1.09680000,1.09520000,1.09550000,4015.30000000,AEURUSDT
2023-12-20 07:00:00,1.09540000,1.09740000,1.09500000,1.09700000,38465.40000000,AEURUSDT
2023-12-20 08:00:00,1.09630000,1.09720000,1.09530000,1.09530000,12187.00000000,AEURUSDT
2023-12-20 09:00:00,1.09540000,1.09620000,1.09500000,1.09560000,16271.30000000,AEURUSDT
2023-12-20 10:00:00,1.09560000,1.09620000,1.09410000,1.09540000,21348.10000000,AEURUSDT
2023-12-20 11:00:00,1.09540000,1.09540000,1.09300000,1.09380000,23691.40000000,AEURUSDT
2023-12-20 12:00:00,1.09380000,1.09380000,1.09290000,1.09340000,13736.00000000,AEURUSDT
2023-12-20 13:00:00,1.09320000,1.09580000,1.09320000,1.09530000,44651.40000000,AEURUSDT
2023-12-20 14:00:00,1.09550000,1.09680000,1.09550000,1.09590000,45138.40000000,AEURUSDT
2023-12-20 15:00:00,1.09560000,1.09800000,1.09550000,1.09670000,170873.40000000,AEURUSDT
2023-12-20 16:00:00,1.09670000,1.09790000,1.09550000,1.09550000,16753.60000000,AEURUSDT
2023-12-20 17:00:00,1.09630000,1.09630000,1.09480000,1.09600000,12897.70000000,AEURUSDT
2023-12-20 18:00:00,1.09490000,1.09630000,1.09460000,1.09510000,99861.80000000,AEURUSDT
2023-12-20 19:00:00,1.09520000,1.09600000,1.09340000,1.09510000,26616.70000000,AEURUSDT
2023-12-20 20:00:00,1.09510000,1.09750000,1.09290000,1.09390000,428668.80000000,AEURUSDT
2023-12-20 21:00:00,1.09390000,1.09440000,1.09370000,1.09440000,8472.50000000,AEURUSDT
2023-12-20 22:00:00,1.09380000,1.09470000,1.09370000,1.09380000,4862.00000000,AEURUSDT
2023-12-20 23:00:00,1.09400000,1.09450000,1.09380000,1.09390000,11040.20000000,AEURUSDT
2023-12-21 00:00:00,1.09400000,1.09420000,1.09380000,1.09380000,4798.00000000,AEURUSDT
2023-12-21 01:00:00,1.09420000,1.09490000,1.09410000,1.09480000,5597.20000000,AEURUSDT
2023-12-21 02:00:00,1.09440000,1.09470000,1.09370000,1.09420000,3272.30000000,AEURUSDT
2023-12-21 03:00:00,1.09470000,1.09470000,1.09400000,1.09410000,5250.70000000,AEURUSDT
2023-12-21 04:00:00,1.09410000,1.09470000,1.09400000,1.09430000,4200.00000000,AEURUSDT
2023-12-21 05:00:00,1.09470000,1.09490000,1.09410000,1.09480000,6968.60000000,AEURUSDT
2023-12-21 06:00:00,1.09480000,1.09490000,1.09380000,1.09400000,21666.70000000,AEURUSDT
2023-12-21 07:00:00,1.09400000,1.09500000,1.09390000,1.09430000,21092.50000000,AEURUSDT
2023-12-21 08:00:00,1.09420000,1.09520000,1.09370000,1.09470000,60202.10000000,AEURUSDT
2023-12-21 09:00:00,1.09470000,1.09470000,1.09290000,1.09360000,30941.20000000,AEURUSDT
2023-12-21 10:00:00,1.09360000,1.09490000,1.09330000,1.09460000,140055.30000000,AEURUSDT
2023-12-21 11:00:00,1.09460000,1.09730000,1.09450000,1.09680000,81291.10000000,AEURUSDT
2023-12-21 12:00:00,1.09700000,1.09760000,1.09640000,1.09700000,16786.50000000,AEURUSDT
2023-12-21 13:00:00,1.09680000,1.09980000,1.09640000,1.09790000,60208.00000000,AEURUSDT
2023-12-21 14:00:00,1.09790000,1.09970000,1.09690000,1.09880000,171988.50000000,AEURUSDT
2023-12-21 15:00:00,1.09840000,1.09890000,1.09710000,1.09830000,91414.40000000,AEURUSDT
2023-12-21 16:00:00,1.09820000,1.09840000,1.09720000,1.09800000,107018.40000000,AEURUSDT
2023-12-21 17:00:00,1.09790000,1.09830000,1.09680000,1.09710000,32298.70000000,AEURUSDT
2023-12-21 18:00:00,1.09770000,1.09790000,1.09680000,1.09750000,12261.20000000,AEURUSDT
2023-12-21 19:00:00,1.09750000,1.09990000,1.09750000,1.09980000,31166.60000000,AEURUSDT
2023-12-21 20:00:00,1.09920000,1.10090000,1.09850000,1.09950000,72593.00000000,AEURUSDT
2023-12-21 21:00:00,1.09950000,1.10100000,1.09900000,1.10040000,43574.00000000,AEURUSDT
2023-12-21 22:00:00,1.09990000,1.10040000,1.09890000,1.09970000,9767.00000000,AEURUSDT
2023-12-21 23:00:00,1.09980000,1.10030000,1.09930000,1.10000000,6368.80000000,AEURUSDT
2023-12-22 00:00:00,1.10020000,1.10020000,1.09900000,1.09930000,8269.40000000,AEURUSDT
2023-12-22 01:00:00,1.09950000,1.09950000,1.09840000,1.09930000,19485.20000000,AEURUSDT
2023-12-22 02:00:00,1.09880000,1.09930000,1.09840000,1.09930000,12133.30000000,AEURUSDT
2023-12-22 03:00:00,1.09930000,1.09960000,1.09850000,1.09900000,6206.60000000,AEURUSDT
2023-12-22 04:00:00,1.09880000,1.09950000,1.09880000,1.09940000,8538.50000000,AEURUSDT
2023-12-22 05:00:00,1.09940000,1.09940000,1.09810000,1.09860000,4369.00000000,AEURUSDT
2023-12-22 06:00:00,1.09910000,1.09950000,1.09830000,1.09880000,82453.10000000,AEURUSDT
2023-12-22 07:00:00,1.09850000,1.09950000,1.09810000,1.09950000,27409.60000000,AEURUSDT
2023-12-22 08:00:00,1.09920000,1.10100000,1.09880000,1.09950000,110788.80000000,AEURUSDT
2023-12-22 09:00:00,1.10050000,1.10100000,1.09900000,1.09900000,14405.40000000,AEURUSDT
2023-12-22 10:00:00,1.09900000,1.10190000,1.09900000,1.10090000,29845.40000000,AEURUSDT
2023-12-22 11:00:00,1.10060000,1.10270000,1.10050000,1.10120000,26963.60000000,AEURUSDT
2023-12-22 12:00:00,1.10100000,1.10240000,1.10010000,1.10010000,30453.00000000,AEURUSDT
2023-12-22 13:00:00,1.10130000,1.10130000,1.09870000,1.10040000,30043.90000000,AEURUSDT
2023-12-22 14:00:00,1.10050000,1.10200000,1.10040000,1.10190000,28123.00000000,AEURUSDT
2023-12-22 15:00:00,1.10170000,1.10200000,1.09860000,1.09980000,23862.30000000,AEURUSDT
2023-12-22 16:00:00,1.09870000,1.10020000,1.09850000,1.09890000,13496.20000000,AEURUSDT
2023-12-22 17:00:00,1.09890000,1.09930000,1.09800000,1.09890000,23426.00000000,AEURUSDT
2023-12-22 18:00:00,1.09880000,1.09980000,1.09870000,1.09910000,12949.60000000,AEURUSDT
2023-12-22 19:00:00,1.09910000,1.09910000,1.09800000,1.09860000,11537.60000000,AEURUSDT
2023-12-22 20:00:00,1.09880000,1.09900000,1.09800000,1.09830000,11401.80000000,AEURUSDT
2023-12-22 21:00:00,1.09820000,1.09900000,1.09800000,1.09830000,4812.80000000,AEURUSDT
2023-12-22 22:00:00,1.09830000,1.09950000,1.09810000,1.09860000,15682.70000000,AEURUSDT
2023-12-22 23:00:00,1.09840000,1.09930000,1.09780000,1.09800000,41439.00000000,AEURUSDT
2023-12-23 00:00:00,1.09790000,1.09830000,1.09780000,1.09790000,4693.20000000,AEURUSDT
2023-12-23 01:00:00,1.09790000,1.09800000,1.09730000,1.09770000,11810.20000000,AEURUSDT
2023-12-23 02:00:00,1.09740000,1.09770000,1.09730000,1.09730000,4418.70000000,AEURUSDT
2023-12-23 03:00:00,1.09770000,1.09790000,1.09730000,1.09740000,11889.70000000,AEURUSDT
2023-12-23 04:00:00,1.09740000,1.09790000,1.09700000,1.09700000,6935.60000000,AEURUSDT
2023-12-23 05:00:00,1.09790000,1.09790000,1.09710000,1.09750000,2199.20000000,AEURUSDT
2023-12-23 06:00:00,1.09780000,1.09790000,1.09750000,1.09750000,2364.70000000,AEURUSDT
2023-12-23 07:00:00,1.09750000,1.09950000,1.09600000,1.09820000,40804.70000000,AEURUSDT
2023-12-23 08:00:00,1.09710000,1.09800000,1.09650000,1.09770000,15489.60000000,AEURUSDT
2023-12-23 09:00:00,1.09770000,1.09770000,1.09730000,1.09770000,4950.50000000,AEURUSDT
2023-12-23 10:00:00,1.09730000,1.09790000,1.09730000,1.09760000,7151.10000000,AEURUSDT
2023-12-23 11:00:00,1.09790000,1.09810000,1.09740000,1.09770000,5808.90000000,AEURUSDT
2023-12-23 12:00:00,1.09770000,1.09820000,1.09740000,1.09740000,3062.60000000,AEURUSDT
2023-12-23 13:00:00,1.09740000,1.09780000,1.09650000,1.09760000,8090.70000000,AEURUSDT
2023-12-23 14:00:00,1.09660000,1.09760000,1.09650000,1.09740000,5252.50000000,AEURUSDT
2023-12-23 15:00:00,1.09740000,1.09840000,1.09430000,1.09430000,177383.10000000,AEURUSDT
2023-12-23 16:00:00,1.09480000,1.09740000,1.09180000,1.09740000,38708.30000000,AEURUSDT
2023-12-23 17:00:00,1.09740000,1.09800000,1.09540000,1.09710000,22781.40000000,AEURUSDT
2023-12-23 18:00:00,1.09710000,1.09900000,1.09630000,1.09710000,12431.40000000,AEURUSDT
2023-12-23 19:00:00,1.09890000,1.09900000,1.09550000,1.09760000,5727.00000000,AEURUSDT
2023-12-23 20:00:00,1.09760000,1.09790000,1.09570000,1.09790000,18959.70000000,AEURUSDT
2023-12-23 21:00:00,1.09790000,1.09790000,1.09500000,1.09780000,25512.80000000,AEURUSDT
2023-12-23 22:00:00,1.09650000,1.09660000,1.09220000,1.09570000,77918.00000000,AEURUSDT
2023-12-23 23:00:00,1.09570000,1.09610000,1.09220000,1.09470000,22199.60000000,AEURUSDT
2023-12-24 00:00:00,1.09340000,1.09600000,1.09340000,1.09600000,10003.90000000,AEURUSDT
2023-12-24 01:00:00,1.09600000,1.09600000,1.09360000,1.09360000,6315.50000000,AEURUSDT
2023-12-24 02:00:00,1.09480000,1.09530000,1.09360000,1.09460000,16012.30000000,AEURUSDT
2023-12-24 03:00:00,1.09460000,1.09470000,1.09360000,1.09370000,4715.10000000,AEURUSDT
2023-12-24 04:00:00,1.09370000,1.09580000,1.09370000,1.09490000,18266.40000000,AEURUSDT
2023-12-24 05:00:00,1.09400000,1.09470000,1.09330000,1.09380000,59746.70000000,AEURUSDT
2023-12-24 06:00:00,1.09470000,1.09590000,1.09390000,1.09390000,8932.40000000,AEURUSDT
2023-12-24 07:00:00,1.09390000,1.09480000,1.09320000,1.09360000,28287.80000000,AEURUSDT
2023-12-24 08:00:00,1.09330000,1.09700000,1.09270000,1.09370000,55729.10000000,AEURUSDT
2023-12-24 09:00:00,1.09370000,1.09390000,1.09290000,1.09390000,34678.30000000,AEURUSDT
2023-12-24 10:00:00,1.09350000,1.09460000,1.09350000,1.09360000,26329.90000000,AEURUSDT
2023-12-24 11:00:00,1.09450000,1.09450000,1.09360000,1.09400000,38001.10000000,AEURUSDT
2023-12-24 12:00:00,1.09380000,1.09420000,1.09360000,1.09410000,11717.00000000,AEURUSDT
2023-12-24 13:00:00,1.09410000,1.09430000,1.09090000,1.09280000,39181.50000000,AEURUSDT
2023-12-24 14:00:00,1.09280000,1.09360000,1.09130000,1.09280000,35980.20000000,AEURUSDT
2023-12-24 15:00:00,1.09280000,1.09420000,1.09100000,1.09420000,48393.20000000,AEURUSDT
2023-12-24 16:00:00,1.09420000,1.09420000,1.09110000,1.09250000,51879.10000000,AEURUSDT
2023-12-24 17:00:00,1.09230000,1.09320000,1.09180000,1.09180000,8603.20000000,AEURUSDT
2023-12-24 18:00:00,1.09180000,1.09350000,1.09160000,1.09350000,13251.70000000,AEURUSDT
2023-12-24 19:00:00,1.09350000,1.09370000,1.09280000,1.09330000,7001.40000000,AEURUSDT
2023-12-24 20:00:00,1.09350000,1.09350000,1.09300000,1.09310000,11993.30000000,AEURUSDT
2023-12-24 21:00:00,1.09310000,1.09360000,1.09300000,1.09360000,14542.50000000,AEURUSDT
2023-12-24 22:00:00,1.09330000,1.09390000,1.08700000,1.09090000,514661.30000000,AEURUSDT
2023-12-24 23:00:00,1.09090000,1.09410000,1.09030000,1.09200000,68677.90000000,AEURUSDT
2023-12-25 00:00:00,1.09200000,1.09260000,1.09020000,1.09040000,34897.20000000,AEURUSDT
2023-12-25 01:00:00,1.09020000,1.09180000,1.08700000,1.08780000,68601.80000000,AEURUSDT
2023-12-25 02:00:00,1.08850000,1.09280000,1.08830000,1.09280000,12345.80000000,AEURUSDT
2023-12-25 03:00:00,1.09270000,1.09700000,1.09200000,1.09340000,76217.90000000,AEURUSDT
2023-12-25 04:00:00,1.09340000,1.09680000,1.09340000,1.09500000,9849.80000000,AEURUSDT
2023-12-25 05:00:00,1.09680000,1.09800000,1.08940000,1.09430000,101719.20000000,AEURUSDT
2023-12-25 06:00:00,1.09420000,1.09800000,1.09030000,1.09490000,61952.60000000,AEURUSDT
2023-12-25 07:00:00,1.09400000,1.09780000,1.09190000,1.09520000,93688.00000000,AEURUSDT
2023-12-25 08:00:00,1.09520000,1.09780000,1.09240000,1.09280000,52535.40000000,AEURUSDT
2023-12-25 09:00:00,1.09280000,1.09550000,1.09280000,1.09540000,19079.40000000,AEURUSDT
2023-12-25 10:00:00,1.09540000,1.09550000,1.09120000,1.09400000,49629.20000000,AEURUSDT
2023-12-25 11:00:00,1.09450000,1.09450000,1.09300000,1.09320000,26055.50000000,AEURUSDT
2023-12-25 12:00:00,1.09340000,1.09470000,1.09320000,1.09440000,28952.50000000,AEURUSDT
2023-12-25 13:00:00,1.09430000,1.09590000,1.09370000,1.09400000,43318.70000000,AEURUSDT
2023-12-25 14:00:00,1.09400000,1.09600000,1.09120000,1.09270000,37614.90000000,AEURUSDT
2023-12-25 15:00:00,1.09490000,1.09600000,1.09270000,1.09590000,20911.20000000,AEURUSDT
2023-12-25 16:00:00,1.09420000,1.09590000,1.09370000,1.09560000,23662.20000000,AEURUSDT
2023-12-25 17:00:00,1.09570000,1.09600000,1.09330000,1.09550000,68309.40000000,AEURUSDT
2023-12-25 18:00:00,1.09520000,1.09670000,1.08900000,1.09290000,213119.40000000,AEURUSDT
2023-12-25 19:00:00,1.09330000,1.09800000,1.09090000,1.09240000,69271.80000000,AEURUSDT
2023-12-25 20:00:00,1.09250000,1.09590000,1.09250000,1.09450000,29389.10000000,AEURUSDT
2023-12-25 21:00:00,1.09560000,1.09580000,1.09460000,1.09540000,19382.10000000,AEURUSDT
2023-12-25 22:00:00,1.09490000,1.09730000,1.09350000,1.09710000,49059.80000000,AEURUSDT
2023-12-25 23:00:00,1.09710000,1.09770000,1.09680000,1.09750000,7134.30000000,AEURUSDT
2023-12-26 00:00:00,1.09750000,1.09770000,1.09670000,1.09770000,27848.40000000,AEURUSDT
2023-12-26 01:00:00,1.09770000,1.10110000,1.09760000,1.10040000,43620.30000000,AEURUSDT
2023-12-26 02:00:00,1.10040000,1.10040000,1.09860000,1.09980000,6457.10000000,AEURUSDT
2023-12-26 03:00:00,1.09980000,1.09990000,1.09900000,1.09990000,6661.30000000,AEURUSDT
2023-12-26 04:00:00,1.09980000,1.09980000,1.09880000,1.09940000,7101.70000000,AEURUSDT
2023-12-26 05:00:00,1.09880000,1.10010000,1.09850000,1.09960000,27256.20000000,AEURUSDT
2023-12-26 06:00:00,1.09950000,1.10050000,1.09940000,1.10050000,21779.20000000,AEURUSDT
2023-12-26 07:00:00,1.10040000,1.10040000,1.09920000,1.10040000,22036.00000000,AEURUSDT
2023-12-26 08:00:00,1.10040000,1.10040000,1.09880000,1.09880000,13734.50000000,AEURUSDT
2023-12-26 09:00:00,1.10020000,1.10020000,1.09830000,1.09850000,24429.40000000,AEURUSDT
2023-12-26 10:00:00,1.09950000,1.10030000,1.09880000,1.09990000,12767.60000000,AEURUSDT
2023-12-26 11:00:00,1.09990000,1.09990000,1.09850000,1.09910000,10078.40000000,AEURUSDT
2023-12-26 12:00:00,1.09880000,1.09980000,1.09840000,1.09840000,18895.40000000,AEURUSDT
2023-12-26 13:00:00,1.09840000,1.10010000,1.09830000,1.10000000,17670.20000000,AEURUSDT
2023-12-26 14:00:00,1.09940000,1.10000000,1.09860000,1.09960000,19267.80000000,AEURUSDT
2023-12-26 15:00:00,1.10000000,1.10050000,1.09950000,1.10040000,27967.40000000,AEURUSDT
2023-12-26 16:00:00,1.10040000,1.10220000,1.09980000,1.10150000,42801.70000000,AEURUSDT
2023-12-26 17:00:00,1.10150000,1.10220000,1.10000000,1.10220000,28476.30000000,AEURUSDT
2023-12-26 18:00:00,1.10220000,1.10230000,1.10080000,1.10150000,32888.30000000,AEURUSDT
2023-12-26 19:00:00,1.10160000,1.10400000,1.10150000,1.10330000,17240.40000000,AEURUSDT
2023-12-26 20:00:00,1.10370000,1.10410000,1.10230000,1.10300000,18638.90000000,AEURUSDT
2023-12-26 21:00:00,1.10340000,1.10380000,1.10180000,1.10210000,14650.50000000,AEURUSDT
2023-12-26 22:00:00,1.10230000,1.10370000,1.10180000,1.10340000,6889.00000000,AEURUSDT
2023-12-26 23:00:00,1.10210000,1.10390000,1.10130000,1.10210000,8455.50000000,AEURUSDT
2023-12-27 00:00:00,1.10210000,1.10350000,1.10180000,1.10210000,14489.30000000,AEURUSDT
2023-12-27 01:00:00,1.10200000,1.10340000,1.10170000,1.10270000,9156.80000000,AEURUSDT
2023-12-27 02:00:00,1.10270000,1.10270000,1.10130000,1.10200000,15753.80000000,AEURUSDT
2023-12-27 03:00:00,1.10200000,1.10290000,1.10110000,1.10230000,12585.80000000,AEURUSDT
2023-12-27 04:00:00,1.10190000,1.10360000,1.10190000,1.10350000,10071.40000000,AEURUSDT
2023-12-27 05:00:00,1.10340000,1.10440000,1.10210000,1.10270000,11154.10000000,AEURUSDT
2023-12-27 06:00:00,1.10270000,1.10360000,1.10240000,1.10310000,4780.10000000,AEURUSDT
2023-12-27 07:00:00,1.10310000,1.10370000,1.10210000,1.10250000,17963.10000000,AEURUSDT
2023-12-27 08:00:00,1.10320000,1.10420000,1.10230000,1.10270000,8520.10000000,AEURUSDT
2023-12-27 09:00:00,1.10270000,1.10420000,1.10190000,1.10310000,27180.70000000,AEURUSDT
2023-12-27 10:00:00,1.10310000,1.10420000,1.10150000,1.10410000,28334.40000000,AEURUSDT
2023-12-27 11:00:00,1.10410000,1.10470000,1.10270000,1.10470000,39168.30000000,AEURUSDT
2023-12-27 12:00:00,1.10470000,1.10580000,1.10330000,1.10510000,33462.00000000,AEURUSDT
2023-12-27 13:00:00,1.10550000,1.10610000,1.10020000,1.10500000,18129.60000000,AEURUSDT
2023-12-27 14:00:00,1.10500000,1.10920000,1.10460000,1.10920000,37094.50000000,AEURUSDT
2023-12-27 15:00:00,1.10910000,1.10990000,1.10780000,1.10880000,40440.90000000,AEURUSDT
2023-12-27 16:00:00,1.10990000,1.11120000,1.10870000,1.11030000,32443.30000000,AEURUSDT
2023-12-27 17:00:00,1.10930000,1.11200000,1.10850000,1.10850000,127440.50000000,AEURUSDT
2023-12-27 18:00:00,1.10890000,1.10970000,1.10830000,1.10960000,16136.50000000,AEURUSDT
2023-12-27 19:00:00,1.10960000,1.10980000,1.10500000,1.10830000,94321.70000000,AEURUSDT
2023-12-27 20:00:00,1.10820000,1.10960000,1.10820000,1.10950000,20056.60000000,AEURUSDT
2023-12-27 21:00:00,1.10950000,1.10970000,1.10840000,1.10860000,9458.10000000,AEURUSDT
2023-12-27 22:00:00,1.10940000,1.10960000,1.10820000,1.10850000,7457.60000000,AEURUSDT
2023-12-27 23:00:00,1.10900000,1.10980000,1.10860000,1.10860000,15210.20000000,AEURUSDT
2023-12-28 00:00:00,1.10860000,1.10990000,1.10860000,1.10990000,4517.30000000,AEURUSDT
2023-12-28 01:00:00,1.10990000,1.11080000,1.10940000,1.11070000,84092.80000000,AEURUSDT
2023-12-28 02:00:00,1.11010000,1.11070000,1.10910000,1.11000000,7594.50000000,AEURUSDT
2023-12-28 03:00:00,1.11000000,1.11110000,1.10970000,1.11110000,5897.40000000,AEURUSDT
2023-12-28 04:00:00,1.11100000,1.11110000,1.10950000,1.10950000,22019.50000000,AEURUSDT
2023-12-28 05:00:00,1.10950000,1.11130000,1.10920000,1.11070000,8513.10000000,AEURUSDT
2023-12-28 06:00:00,1.11070000,1.11140000,1.10980000,1.11010000,14981.40000000,AEURUSDT
2023-12-28 07:00:00,1.11010000,1.11190000,1.11010000,1.11050000,25195.90000000,AEURUSDT
2023-12-28 08:00:00,1.11120000,1.11120000,1.10890000,1.11000000,23637.40000000,AEURUSDT
2023-12-28 09:00:00,1.11040000,1.11190000,1.10940000,1.11070000,50601.60000000,AEURUSDT
2023-12-28 10:00:00,1.11070000,1.11160000,1.11030000,1.11050000,11155.30000000,AEURUSDT
2023-12-28 11:00:00,1.11050000,1.11140000,1.10940000,1.11120000,17542.80000000,AEURUSDT
2023-12-28 12:00:00,1.11000000,1.11120000,1.10880000,1.11010000,20355.60000000,AEURUSDT
2023-12-28 13:00:00,1.11010000,1.11030000,1.10600000,1.10600000,20816.20000000,AEURUSDT
2023-12-28 14:00:00,1.10600000,1.11000000,1.10600000,1.10990000,51126.80000000,AEURUSDT
2023-12-28 15:00:00,1.10980000,1.10990000,1.10850000,1.10890000,17500.60000000,AEURUSDT
2023-12-28 16:00:00,1.10940000,1.10940000,1.10590000,1.10590000,29941.70000000,AEURUSDT
2023-12-28 17:00:00,1.10580000,1.10670000,1.10510000,1.10620000,18062.40000000,AEURUSDT
2023-12-28 18:00:00,1.10590000,1.10590000,1.10360000,1.10480000,4861.90000000,AEURUSDT
2023-12-28 19:00:00,1.10510000,1.10530000,1.10440000,1.10480000,14606.30000000,AEURUSDT
2023-12-28 20:00:00,1.10510000,1.10590000,1.10440000,1.10500000,21612.00000000,AEURUSDT
2023-12-28 21:00:00,1.10460000,1.10530000,1.10410000,1.10500000,6111.80000000,AEURUSDT
2023-12-28 22:00:00,1.10500000,1.10500000,1.10230000,1.10280000,99103.10000000,AEURUSDT
2023-12-28 23:00:00,1.10240000,1.10450000,1.10000000,1.10360000,42411.90000000,AEURUSDT
2023-12-29 00:00:00,1.10360000,1.10600000,1.10340000,1.10600000,22796.60000000,AEURUSDT
2023-12-29 01:00:00,1.10570000,1.10600000,1.10550000,1.10550000,2774.20000000,AEURUSDT
2023-12-29 02:00:00,1.10530000,1.10650000,1.10510000,1.10580000,2893.90000000,AEURUSDT
2023-12-29 03:00:00,1.10620000,1.10630000,1.10430000,1.10500000,17959.70000000,AEURUSDT
2023-12-29 04:00:00,1.10470000,1.10520000,1.10430000,1.10500000,5331.20000000,AEURUSDT
2023-12-29 05:00:00,1.10460000,1.10510000,1.10410000,1.10410000,4534.30000000,AEURUSDT
2023-12-29 06:00:00,1.10450000,1.10590000,1.10440000,1.10520000,23791.90000000,AEURUSDT
2023-12-29 07:00:00,1.10550000,1.10590000,1.10440000,1.10540000,10694.10000000,AEURUSDT
2023-12-29 08:00:00,1.10480000,1.10550000,1.10400000,1.10480000,17447.50000000,AEURUSDT
2023-12-29 09:00:00,1.10420000,1.10480000,1.10210000,1.10240000,25294.20000000,AEURUSDT
2023-12-29 10:00:00,1.10270000,1.10480000,1.10010000,1.10400000,107945.70000000,AEURUSDT
2023-12-29 11:00:00,1.10400000,1.10500000,1.10010000,1.10420000,213820.70000000,AEURUSDT
2023-12-29 12:00:00,1.10420000,1.10540000,1.10420000,1.10450000,7086.10000000,AEURUSDT
2023-12-29 13:00:00,1.10400000,1.10410000,1.10220000,1.10260000,23649.60000000,AEURUSDT
2023-12-29 14:00:00,1.10260000,1.10470000,1.10220000,1.10410000,53869.10000000,AEURUSDT
2023-12-29 15:00:00,1.10410000,1.10530000,1.10080000,1.10260000,48674.20000000,AEURUSDT
2023-12-29 16:00:00,1.10170000,1.10360000,1.10020000,1.10340000,23597.70000000,AEURUSDT
2023-12-29 17:00:00,1.10340000,1.10530000,1.10340000,1.10390000,15344.60000000,AEURUSDT
2023-12-29 18:00:00,1.10460000,1.10460000,1.10210000,1.10290000,24323.80000000,AEURUSDT
2023-12-29 19:00:00,1.10300000,1.10390000,1.10150000,1.10180000,26341.40000000,AEURUSDT
2023-12-29 20:00:00,1.10180000,1.10300000,1.10100000,1.10230000,10648.50000000,AEURUSDT
2023-12-29 21:00:00,1.10230000,1.10230000,1.10030000,1.10030000,14692.20000000,AEURUSDT
2023-12-29 22:00:00,1.10030000,1.10190000,1.10020000,1.10070000,11419.70000000,AEURUSDT
2023-12-29 23:00:00,1.10060000,1.10070000,1.10000000,1.10010000,4372.90000000,AEURUSDT
2023-12-30 00:00:00,1.10010000,1.10050000,1.10000000,1.10050000,3237.10000000,AEURUSDT
2023-12-30 01:00:00,1.10050000,1.10110000,1.10010000,1.10060000,1022.60000000,AEURUSDT
2023-12-30 02:00:00,1.10060000,1.10330000,1.09940000,1.10020000,45779.50000000,AEURUSDT
2023-12-30 03:00:00,1.10020000,1.10170000,1.09930000,1.10080000,15882.90000000,AEURUSDT
2023-12-30 04:00:00,1.10080000,1.10290000,1.09900000,1.10050000,16839.10000000,AEURUSDT
2023-12-30 05:00:00,1.10050000,1.10190000,1.10050000,1.10130000,5663.80000000,AEURUSDT
2023-12-30 06:00:00,1.10140000,1.10150000,1.10060000,1.10130000,3269.00000000,AEURUSDT
2023-12-30 07:00:00,1.10130000,1.10130000,1.10060000,1.10060000,3036.90000000,AEURUSDT
2023-12-30 08:00:00,1.10060000,1.10140000,1.10040000,1.10060000,5126.10000000,AEURUSDT
2023-12-30 09:00:00,1.10060000,1.10060000,1.09900000,1.09990000,9962.20000000,AEURUSDT
2023-12-30 10:00:00,1.09990000,1.09990000,1.09850000,1.09980000,9849.50000000,AEURUSDT
2023-12-30 11:00:00,1.09970000,1.09990000,1.09860000,1.09920000,36547.80000000,AEURUSDT
2023-12-30 12:00:00,1.09970000,1.09970000,1.09850000,1.09880000,1439.10000000,AEURUSDT
2023-12-30 13:00:00,1.09960000,1.09960000,1.09850000,1.09850000,7010.00000000,AEURUSDT
2023-12-30 14:00:00,1.09850000,1.10080000,1.09840000,1.10000000,6830.30000000,AEURUSDT
2023-12-30 15:00:00,1.10000000,1.10140000,1.09810000,1.10080000,9705.70000000,AEURUSDT
2023-12-30 16:00:00,1.10080000,1.10140000,1.09940000,1.10140000,10111.30000000,AEURUSDT
2023-12-30 17:00:00,1.10140000,1.10140000,1.09910000,1.10130000,2483.30000000,AEURUSDT
2023-12-30 18:00:00,1.10020000,1.10130000,1.09830000,1.09990000,7495.10000000,AEURUSDT
2023-12-30 19:00:00,1.09990000,1.10130000,1.09990000,1.10010000,3812.20000000,AEURUSDT
2023-12-30 20:00:00,1.10010000,1.10120000,1.09990000,1.10010000,3813.70000000,AEURUSDT
2023-12-30 21:00:00,1.10110000,1.10110000,1.10000000,1.10000000,229.20000000,AEURUSDT
